{"cameraMode":{"drawMode":0,"name":"Shaded","section":"Shading Mode"},"sceneLighting":true,"audioPlay":false,"sceneViewState":{"showFog":true,"showMaterialUpdate":true,"showSkybox":true,"showFlares":true,"showImageEffects":true,"showParticleSystems":true},"in2DMode":false,"pivot":{"x":252.35147094726563,"y":54.62622833251953,"z":257.5957336425781},"rotation":{"x":-0.013538911938667298,"y":0.658825159072876,"z":-0.011860157363116742,"w":-0.7520807385444641},"size":196.70492553710938,"orthographic":false}